Title,Page URL,Game URL,Cover Image,Rating,Content Path
Geometry Dash Maze Maps V2,https://geometrylite.io/geometry-dash-maze-maps-v2,https://html5.gamedistribution.com/bc4de39b3f9045cd920eb90cf14a8986/?gd_sdk_referrer_url=https://geometrylite.io/geometry-dash-maze-maps-v2,https://geometrylite.io/cache/data/image/game/geometry-dash-maze-maps-v2/geometry-dash-maze-maps-v2-3-m300x180.webp,6.4,content/geometry-dash-maze-maps-v2.md
Geometry Dash LIMBO,https://geometrylite.io/geometry-dash-limbo,https://turbowarp.org/913713541/embed,https://geometrylite.io/cache/data/image/game/geometry-dash-limbo/geometry-dash-limbo-m300x180.webp,7.9,content/geometry-dash-limbo.md
Mad Dash,https://geometrylite.io/mad-dash,https://html5.gamedistribution.com/daf0cb6dcebd4de9bf128de4c9c2c33f/?gd_sdk_referrer_url=https://geometrylite.io/mad-dash,https://geometrylite.io/cache/data/image/game/mad-dash/mad-dash-2-m300x180.webp,10,content/mad-dash.md
Geometry Dash Jumper,https://geometrylite.io/geometry-dash-jumper,https://turbowarp.org/148403639/embed,https://geometrylite.io/cache/data/image/game/geometry-dash-jumper/geometry-dash-jumper-m300x180.webp,2.7,content/geometry-dash-jumper.md
Geometry Dash Hyper Wave,https://geometrylite.io/geometry-dash-hyper-wave,https://app-285614.games.s3.yandex.net/285614/5oglqr9kckhpgj1linv7zfv44v0a3430_brotli/index.html,https://geometrylite.io/cache/data/image/game/geometry-dash-hyper-wave/geometry-dash-hyper-wave-m300x180.webp,5.7,content/geometry-dash-hyper-wave.md
Geometry Dash Level Editor - 2.0.4,https://geometrylite.io/geometry-dash-level-editor-2-0-4,https://turbowarp.org/533013373/embed,https://geometrylite.io/cache/data/image/game/geometry-dash-level-editor-2-0-4/geometry-dash-level-editor-2-0-4-m300x180.webp,7.4,content/geometry-dash-level-editor-2-0-4.md
Geometry Vibes Monster,https://geometrylite.io/geometry-vibes-monster,https://html5.gamedistribution.com/6db1b18f83524462ad7e5d23792552db/?gd_sdk_referrer_url=https://geometrylite.io/geometry-vibes-monster,https://geometrylite.io/cache/data/image/game/geometry-vibes-monster/geometry-vibes-monster-3-m300x180.webp,5,content/geometry-vibes-monster.md
Geometry Dash Can't Let Go,https://geometrylite.io/geometry-dash-can-t-let-go,https://turbowarp.org/599082354/embed,https://geometrylite.io/cache/data/image/game/geometry-dash-can-t-let-go/geometry-dash-can-t-let-go-m300x180.webp,8.3,content/geometry-dash-can-t-let-go.md
Geometry Dash Horror,https://geometrylite.io/geometry-dash-horror,https://kdata1.com/2019/04/geometry-dash-horror3/,https://geometrylite.io/cache/data/image/game/geometry-dash-horror/geometry-dash-horror-m300x180.webp,10,content/geometry-dash-horror.md
Geometry Dash Base After Base,https://geometrylite.io/geometry-dash-base-after-base,https://turbowarp.org/139236121/embed,https://geometrylite.io/cache/data/image/game/geometry-dash-base-after-base/geometry-dash-base-after-base-m300x180.webp,7.3,content/geometry-dash-base-after-base.md
Quantum Geometry,https://geometrylite.io/quantum-geometry,https://g.vseigru.net/7/igra-kvantovaya-geometriya-dash/,https://geometrylite.io/cache/data/image/game/quantum-geometry/quantum-geometry-m300x180.webp,10,content/quantum-geometry.md
Geometry Dash Tartarus,https://geometrylite.io/geometry-dash-tartarus,https://turbowarp.org/521398544/embed,https://geometrylite.io/cache/data/image/game/geometry-dash-tartarus/geometry-dash-tartarus-m300x180.webp,7.4,content/geometry-dash-tartarus.md
Geometry Dash Kenos,https://geometrylite.io/geometry-dash-kenos,https://turbowarp.org/413582489/embed,https://geometrylite.io/cache/data/image/game/geometry-dash-kenos/geometry-dash-kenos-m300x180.webp,6.7,content/geometry-dash-kenos.md
Glitch Dash,https://geometrylite.io/glitch-dash,https://st.8games.net/dasha1/igry-begat/igra-beg-glitch-dash/,https://geometrylite.io/cache/data/image/game/glitch-dash/glitch-dash-m300x180.webp,7.1,content/glitch-dash.md
Italian Brainrot in Geometry Dash,https://geometrylite.io/italian-brainrot-in-geometry-dash,https://html5.gamedistribution.com/27f2239affa84ade8847b0d68685a7bb/?gd_sdk_referrer_url=https://geometrylite.io/italian-brainrot-in-geometry-dash,https://geometrylite.io/cache/data/image/game/italian-brainrot-in-geometry-dash/italian-brainrot-in-geometry-dash-3-m300x180.webp,8,content/italian-brainrot-in-geometry-dash.md
Geometry Dash Chambers,https://geometrylite.io/geometry-dash-chambers,https://turbowarp.org/393877296/embed,https://geometrylite.io/cache/data/image/game/geometry-dash-chambers/geometry-dash-chambers-m300x180.webp,9,content/geometry-dash-chambers.md
Grow a Garden,https://geometrylite.io/grow-a-garden,https://yandex.com/games/app/437622?utm_source=distrib&is-united-page=1&skip-guard=1&header=no&utm_medium=geometrylite.io&clid=10575041&flags=%7B%22adv_sticky_banner_disabled%22%3Atrue%7D,https://geometrylite.io/cache/data/image/game/grow-a-garden/grow-a-garden-m300x180.webp,7.7,content/grow-a-garden.md
Geometry Dash Blast Processing,https://geometrylite.io/geometry-dash-blast-processing,https://turbowarp.org/691889060/embed,https://geometrylite.io/cache/data/image/game/geometry-dash-blast-processing/geometry-dash-blast-processing-m300x180.webp,6.8,content/geometry-dash-blast-processing.md
Geometry Dash Electroman Adventures,https://geometrylite.io/geometry-dash-electroman-adventures,https://turbowarp.org/258241693/embed,https://geometrylite.io/cache/data/image/game/geometry-dash-electroman-adventures/geometry-dash-electroman-adventures-m300x180.webp,7.2,content/geometry-dash-electroman-adventures.md
Geometry Dash Jump,https://geometrylite.io/geometry-dash-jump,https://html5.gamedistribution.com/8557e4decde449beb59541aa1d66a95b/?gd_sdk_referrer_url=https://geometrylite.io/geometry-dash-jump,https://geometrylite.io/cache/data/image/game/geometry-dash-jump/geometry-dash-jump-3-m300x180.webp,4.6,content/geometry-dash-jump.md
Geometry Dash Stereo Madness,https://geometrylite.io/geometry-dash-stereo-madness,https://turbowarp.org/239351194/embed,https://geometrylite.io/cache/data/image/game/geometry-dash-stereo-madness/geometry-dash-stereo-madness-m300x180.webp,5.9,content/geometry-dash-stereo-madness.md
Geometry Dash Jawbreaker,https://geometrylite.io/geometry-dash-jawbreaker,https://turbowarp.org/282692183/embed,https://geometrylite.io/cache/data/image/game/geometry-dash-jawbreaker/geometry-dash-jawbreaker-m300x180.webp,7.4,content/geometry-dash-jawbreaker.md
Geometry Dash Chamber of Time,https://geometrylite.io/geometry-dash-chamber-of-time,https://turbowarp.org/611652615/embed,https://geometrylite.io/cache/data/image/game/geometry-dash-chamber-of-time/geometry-dash-chamber-of-time-m300x180.webp,6,content/geometry-dash-chamber-of-time.md
Noob in Geometry Dash,https://geometrylite.io/noob-in-geometry-dash,https://html5.gamedistribution.com/4d0faf326d03466baf7c0987d612c1a4/?gd_sdk_referrer_url=https://geometrylite.io/noob-in-geometry-dash,https://geometrylite.io/cache/data/image/game/noob-in-geometry-dash/noob-in-geometry-dash-3-m300x180.webp,8.8,content/noob-in-geometry-dash.md
Geometry Dash 7 PM,https://geometrylite.io/geometry-dash-7-pm,https://turbowarp.org/746239992/embed,https://geometrylite.io/cache/data/image/game/geometry-dash-7-pm/geometry-dash-7-pm-m300x180.webp,7.5,content/geometry-dash-7-pm.md
Geometry Dash 3Dash,https://geometrylite.io/geometry-dash-3dash,https://1games.io/game/geometry-dash-3d/,https://geometrylite.io/cache/data/image/game/geometry-dash-3dash/geometry-dash-3dash-m300x180.webp,6.3,content/geometry-dash-3dash.md
Geometry Dash Odyssey,https://geometrylite.io/geometry-dash-odyssey,https://turbowarp.org/584949342/embed,https://geometrylite.io/cache/data/image/game/geometry-dash-odyssey/geometry-dash-odyssey-m300x180.webp,6.3,content/geometry-dash-odyssey.md
Geometry Dash iSpyWithMyLittleEye,https://geometrylite.io/geometry-dash-ispywithmylittleeye,https://turbowarp.org/871504132/embed,https://geometrylite.io/cache/data/image/game/geometry-dash-ispywithmylittleeye/geometry-dash-ispywithmylittleeye-m300x180.webp,7.3,content/geometry-dash-ispywithmylittleeye.md
Geometry Dash Skeletal Shenanigans,https://geometrylite.io/geometry-dash-skeletal-shenanigans,https://turbowarp.org/1180585657/embed,https://geometrylite.io/cache/data/image/game/geometry-dash-skeletal-shenanigans/geometry-dash-skeletal-shenanigans-m300x180.webp,6.3,content/geometry-dash-skeletal-shenanigans.md
Geometry Dash Spam Test,https://geometrylite.io/geometry-dash-spam-test,https://turbowarp.org/558930579/embed,https://geometrylite.io/cache/data/image/game/geometry-dash-spam-test/geometry-dash-spam-test-m300x180.webp,7.9,content/geometry-dash-spam-test.md
Geometry Dash Bloodlust,https://geometrylite.io/geometry-dash-bloodlust,https://2games.io/game/geometry-dash-bloodlust/,https://geometrylite.io/cache/data/image/game/geometry-dash-bloodlust/geometry-dash-bloodlust-m300x180.webp,6,content/geometry-dash-bloodlust.md
Brainrot Animals Geometry Dash,https://geometrylite.io/brainrot-animals-geometry-dash,https://yandex.com/games/app/436201?utm_source=distrib&is-united-page=1&skip-guard=1&header=no&utm_medium=geometrylite.io&clid=10575041&flags=%7B%22adv_sticky_banner_disabled%22%3Atrue%7D,https://geometrylite.io/cache/data/image/game/brainrot-animals-geometry-dash/brainrot-animals-geometry-dash-m300x180.webp,6.3,content/brainrot-animals-geometry-dash.md
Lobotomy Dash: Fire in the Hole,https://geometrylite.io/lobotomy-dash-fire-in-the-hole,https://lobotomydash.com/game/lobotomy-dash/,https://geometrylite.io/cache/data/image/game/lobotomy-dash-fire-in-the-hole/lobotomy-dash-fire-in-the-hole-m300x180.webp,7.3,content/lobotomy-dash-fire-in-the-hole.md
Chicken Scream Race,https://geometrylite.io/chicken-scream-race,https://html5.gamedistribution.com/015cc016b4f04be28f8593e14c70ccef/?gd_sdk_referrer_url=https://geometrylite.io/chicken-scream-race,https://geometrylite.io/cache/data/image/game/chicken-scream-race/chicken-scream-race-2-m300x180.webp,5,content/chicken-scream-race.md
Sprunki Geometry Dash,https://geometrylite.io/sprunki-geometry-dash,https://www.gameflare.com/embed/sprunki-dash/,https://geometrylite.io/cache/data/image/game/sprunki-geometry-dash/sprunki-geometry-dash-m300x180.webp,7.7,content/sprunki-geometry-dash.md
Wacky Flip,https://geometrylite.io/wacky-flip,https://2games.io/game/wacky-flip/,https://geometrylite.io/cache/data/image/game/wacky-flip/wacky-flip-m300x180.webp,8.9,content/wacky-flip.md
Italian Brainrot: Neuro Beasts,https://geometrylite.io/italian-brainrot-neuro-beasts,https://html5.gamedistribution.com/08f0d86ec4c04f3a97923c73cd98b753/?gd_sdk_referrer_url=https://geometrylite.io/italian-brainrot-neuro-beasts,https://geometrylite.io/cache/data/image/game/italian-brainrot-neuro-beasts/italian-brainrot-neuro-beasts-3-m300x180.webp,10,content/italian-brainrot-neuro-beasts.md
Geometry Dash Aperture,https://geometrylite.io/geometry-dash-aperture,https://2games.io/game/geometry-dash-aperture/,https://geometrylite.io/cache/data/image/game/geometry-dash-aperture/geometry-dash-aperture-m300x180.webp,10,content/geometry-dash-aperture.md
Retro Bowl 25,https://geometrylite.io/retro-bowl-25,https://webglmath.github.io/retro-bowl/,https://geometrylite.io/cache/data/image/game/retro-bowl-25/retro-bowl-25-m300x180.webp,8,content/retro-bowl-25.md
Wyrmdash,https://geometrylite.io/wyrmdash,https://1games.io/game/wyrmdash/,https://geometrylite.io/cache/data/image/game/wyrmdash/wyrmdash-m300x180.webp,8,content/wyrmdash.md
Geometry Dash Unblocked 76,https://geometrylite.io/geometry-dash-unblocked-76,https://1games.io/game/geometry-lite/,https://geometrylite.io/cache/data/image/game/geometry-dash-unblocked-76/geometry-dash-unblocked-76-game-m300x180.webp,8.6,content/geometry-dash-unblocked-76.md
Tap Road,https://geometrylite.io/tap-road,https://2games.io/game/tap-road/,https://geometrylite.io/cache/data/image/game/tap-road1-m300x180.webp,8.2,content/tap-road.md
G-Switch 3,https://geometrylite.io/g-switch-3,https://buckshotroulettee.github.io/game/gswitch/,https://geometrylite.io/cache/data/image/game/g-switch-3-m300x180.webp,8.6,content/g-switch-3.md
Geometry Dash OFFline,https://geometrylite.io/geometry-dash-offline,https://turbowarp.org/466114592/embed,https://geometrylite.io/cache/data/image/game/geometry-dash-offline/geometry-dash-offline-m300x180.webp,5,content/geometry-dash-offline.md
Geometry Arrow,https://geometrylite.io/geometry-arrow,https://html5.gamedistribution.com/9ee26ba4405c456094c70af7dc31a524/?gd_sdk_referrer_url=https://geometrylite.io/geometry-arrow,https://geometrylite.io/cache/data/image/geometry-arrow-3-m300x180.webp,8.1,content/geometry-arrow.md
Speed Stars Unblocked,https://geometrylite.io/speed-stars-unblocked,https://epicfreegames78.github.io/speed-stars/,https://geometrylite.io/cache/data/image/game/speed-stars-unblocked/speed-stars-unblocked-m300x180.webp,9,content/speed-stars-unblocked.md
Chicken Jockey Clicker,https://geometrylite.io/chicken-jockey-clicker,https://1games.io/game/chicken-jockey-clicker/,https://geometrylite.io/cache/data/image/game/chicken-jockey-clicker/chicken-jockey-clicker-m300x180.webp,9.2,content/chicken-jockey-clicker.md
Geometry Dash Rage Quit,https://geometrylite.io/geometry-dash-rage-quit,https://turbowarp.org/1068498381/embed,https://geometrylite.io/cache/data/image/game/geometry-dash-rage-quit/geometry-dash-rage-quit-m300x180.webp,7.9,content/geometry-dash-rage-quit.md
Wave Dash,https://geometrylite.io/wave-dash,https://1games.io/game/wave-dash/,https://geometrylite.io/cache/data/image/game/wave-dash2-m300x180.webp,8.4,content/wave-dash.md
Run 3D,https://geometrylite.io/run-3d,https://html5.gamedistribution.com/e103db40071a4af38aab2061bf799455/?gd_sdk_referrer_url=https://geometrylite.io/run-3d,https://geometrylite.io/cache/data/image/run-3d-3-m300x180.webp,8.8,content/run-3d.md
