"Title","Page URL","Game URL","Cover Image","Rating","Content Path","Meta Title","Meta Description","Categories","Tags"
"Rhythm Ball 3D","https://geometrylite.io/rhythm-ball-3d","https://yandex.com/games/app/275515?utm_source=distrib&is-united-page=1&skip-guard=1&header=no&utm_medium=geometrylite.io&clid=10575041&flags=%7B%22adv_sticky_banner_disabled%22%3Atrue%7D","https://geometrylite.io/cache/data/image/game/rhythm-ball-3d-m300x180.webp","10","content/rhythm-ball-3d.md","Rhythm Ball 3D - Master the Beat in a Neon Tunnel Run","Smash your way through a vibrant 3D world in Rhythm Ball 3D! Steer your ball, match colors, and survive to the beat of an epic soundtrack. Play now for free!","Rhythm,Arcade","Music,Fast-Paced,Avoid,Colorful,3D,Neon,Endless Runner"
"Geometry Dash Benevolent","https://geometrylite.io/geometry-dash-benevolent","https://turbowarp.org/439106560/embed","https://geometrylite.io/cache/data/image/game/geometry-dash-benevolent-m300x180.webp","10","content/geometry-dash-benevolent.md","Geometry Dash Benevolent - A Rhythmic & Satisfying Ride","Master the perfectly synced gameplay of Geometry Dash Benevolent! Jump, fly, and roll through this 7-star Hard level. Play now and feel the rhythm!","Geometry,Rhythm,Platform","Jumping,Fast-Paced,Skill,One Button,Obstacle,Music,Hard,User Levels"
"World's Hardest Game","https://geometrylite.io/world-s-hardest-game","https://moyaimoment.github.io/flash/worldshardestgame/","https://geometrylite.io/cache/data/image/game/worlds-hardest-game-m300x180.webp","10","content/world-s-hardest-game.md","World's Hardest Game - Test Your Skill & Patience","Play the legendary World's Hardest Game! Dodge obstacles, collect coins, and survive 30 brutal levels. A true test of reflexes and determination. Try it now!","Puzzle,Arcade","Avoid,Skill,Hard,Classic,Collect,Maze"
"Brawl Stars Mega Simulator","https://geometrylite.io/brawl-stars-mega-simulator","https://html5.gamedistribution.com/cc74ca9ca2cf429b9e6b432799640b00/?gd_sdk_referrer_url=https://geometrylite.io/brawl-stars-mega-simulator","https://geometrylite.io/cache/data/image/game/brawl-stars-mega-simulator-m300x180.webp","10","content/brawl-stars-mega-simulator.md","Brawl Stars Mega Simulator - Unlock All Brawlers Free","Open endless boxes, collect every Brawler, and max out your collection in Brawl Stars Mega Simulator! Experience the ultimate fan-made box opener. Play now!","Simulation,Casual","Collect,Fan-Made,Idle"
"We Become What We Behold","https://geometrylite.io/we-become-what-we-behold","https://webecomewhatwebehold.github.io/file/","https://geometrylite.io/cache/data/image/game/we-become-what-we-behold-m300x180.webp","10","content/we-become-what-we-behold.md","We Become What We Behold - Shape Society With Your Camera","Play We Become What We Behold, a short game about media cycles. Your clicks create news and fuel division. See how you shape the world. Play now for free!","Puzzle,Casual","Brain,Story"
"Mini Golf Club","https://geometrylite.io/mini-golf-club","https://html5.gamedistribution.com/ebbc1a24e77d4054a88781e0965aef3c/?gd_sdk_referrer_url=https://geometrylite.io/mini-golf-club","https://geometrylite.io/cache/data/image/mini-golf-club-2-m300x180.webp","5","content/mini-golf-club.md","Mini Golf Club - Play & Create Hundreds of 3D Courses","Putt your way through hundreds of realistic 3D mini golf levels. Master the physics, collect coins, and build your own courses in Mini Golf Club. Play now!","Sports,Casual","Physics,3D,Creative,Skill"
"Sprunki","https://geometrylite.io/sprunki","https://yandex.com/games/app/380393?utm_source=distrib&is-united-page=1&skip-guard=1&header=no&utm_medium=geometrylite.io&clid=10575041&flags=%7B%22adv_sticky_banner_disabled%22%3Atrue%7D","https://geometrylite.io/cache/data/image/game/sprunki-m300x180.webp","8.9","content/sprunki.md","Sprunki - Create Your Own Music with Quirky Characters","Unleash your inner DJ in Sprunki! Drag, drop, and mix animated characters to create amazing beats and songs. Discover secret combos. Play free in your browser!","Rhythm,Casual","Music,Creative,One Button"
"Geometry Dash Endless","https://geometrylite.io/geometry-dash-endless","https://turbowarp.org/302453303/embed","https://geometrylite.io/cache/data/image/game/geometry-dash-endless-m300x180.webp","8.9","content/geometry-dash-endless.md","Geometry Dash Endless - Master the Infinite Rhythm Challenge","Test your reflexes in Geometry Dash Endless! Face infinite, randomly generated levels in this 3-star rhythm challenge. How long can you survive? Play now!","Geometry,Rhythm,Platform","Jumping,Fast-Paced,Skill,One Button,Obstacle,Music,Endless Runner"
"Hover Racer Drive","https://geometrylite.io/hover-racer-drive","https://yandex.com/games/app/168042?utm_source=distrib&is-united-page=1&skip-guard=1&header=no&utm_medium=geometrylite.io&clid=10575041&flags=%7B%22adv_sticky_banner_disabled%22%3Atrue%7D","https://geometrylite.io/cache/data/image/game/hover-racer-drive-m300x180.webp","10","content/hover-racer-drive.md","Hover Racer Drive - High-Speed Futuristic Arcade Racer","Test your reflexes in Hover Racer Drive! Dodge obstacles at insane speeds in a futuristic world. Can you top the leaderboard? Play now for a pure arcade thrill!","Driving,Arcade","Fast-Paced,Avoid,Racing,3D,Neon"
"Traffic Jam 3D","https://geometrylite.io/traffic-jam-3d","https://html5.gamedistribution.com/337302b23b5943d8bcfc501d81d50cdb/?gd_sdk_referrer_url=https://geometrylite.io/traffic-jam-3d","https://geometrylite.io/cache/data/image/traffic-jam-3d-4-m300x180.webp","10","content/traffic-jam-3d.md","Traffic Jam 3D - Weave Through Intense Highway Traffic","Experience the thrill of Traffic Jam 3D! Dodge cars, score points for near misses, and upgrade your ride. Play now for the ultimate arcade driving challenge!","Driving,Arcade","Car,Fast-Paced,Avoid,Endless Runner"
"Geometry Dash The Yandere","https://geometrylite.io/geometry-dash-the-yandere","https://turbowarp.org/projects/302204202/embed","https://geometrylite.io/cache/data/image/game/geometry-dash-the-yandere-m300x180.webp","6.7","content/geometry-dash-the-yandere.md","Geometry Dash The Yandere - Conquer a Legendary Demon","Face the legendary Extreme Demon, The Yandere. Master its awkward timings and survive its intense, themed gameplay. Play this iconic GD level and prove your skill!","Geometry,Rhythm,Platform","Jumping,Fast-Paced,Skill,One Button,Obstacle,Music,Extreme Demon,User Levels,Demonlist"
"Getaway Shootout","https://geometrylite.io/getaway-shootout","https://play.unity.com/api/v1/games/game/f5c4d162-bae9-48ee-8238-1b7f039503ed/build/latest/frame","https://geometrylite.io/cache/data/image/game/getaway-shootout-m300x180.webp","2.5","content/getaway-shootout.md","Getaway Shootout - Master Wacky Physics-Based Battles","Jump into Getaway Shootout, a chaotic 2-player race to freedom! Battle foes with crazy physics, grab powerful weapons, and be the first to escape. Play now!","Shooter,Action","2 Player,Multiplayer,Physics,Ragdoll,Weapon"
"Geometry Dash Windy Circles","https://geometrylite.io/geometry-dash-windy-circles","https://turbowarp.org/projects/268807804/embed","https://geometrylite.io/cache/data/image/game/geometry-dash-windy-circles-m300x180.webp","10","content/geometry-dash-windy-circles.md","Geometry Dash Windy Circles - Conquer the Insane Demon","Master the iconic Windy Circles Insane Demon! Test your wave skills with flashing effects and rhythm-based gameplay. Can you survive the circles? Play now!","Geometry,Rhythm,Platform","Jumping,Fast-Paced,Skill,One Button,Obstacle,Music,Insane Demon,User Levels,Wave,Classic"
"PolyTrack","https://geometrylite.io/polytrack","https://coolubg.github.io/coolubg-list/polytrack","https://geometrylite.io/cache/data/image/game/polytrack-m300x180.webp","10","content/polytrack.md","PolyTrack - Race Your Ghost & Build Your Own Tracks","Master the art of the time trial in PolyTrack! Race your ghost, unlock cool cars, and build custom courses in the track editor. Play now for free!","Driving,Arcade","Racing,Skill,Creative,3D"
"Small Guys: Battleground Arena","https://geometrylite.io/small-guys-battleground-arena","https://yandex.com/games/app/261756?utm_source=distrib&is-united-page=1&skip-guard=1&header=no&utm_medium=geometrylite.io&clid=10575041&flags=%7B%22adv_sticky_banner_disabled%22%3Atrue%7D","https://geometrylite.io/cache/data/image/game/small-guys-battleground-arena-m300x180.webp","10","content/small-guys-battleground-arena.md","Small Guys: Battleground Arena - Free Multiplayer Mayhem","Jump into Small Guys: Battleground Arena! Race through chaotic obstacle courses against real players in this free browser game. Be the last one standing. Play now!","Platform,Arcade","Multiplayer,Avoid,Obstacle,Arena,Fast-Paced"
"Geometry Dash Sonic Wave Infinity","https://geometrylite.io/geometry-dash-sonic-wave-infinity","https://turbowarp.org/projects/303922860/embed","https://geometrylite.io/cache/data/image/game/geometry-dash-sonic-wave-infinity-m300x180.webp","8.3","content/geometry-dash-sonic-wave-infinity.md","Geometry Dash Sonic Wave Infinity - Conquer a Legend","Face the legendary Extreme Demon, Sonic Wave Infinity. Master insane wave gameplay, precise timings, and conquer a former #1 hardest level. Play now!","Geometry,Rhythm,Platform","Jumping,Fast-Paced,Skill,One Button,Obstacle,Music,Extreme Demon,Demonlist,User Levels,Wave"
"Head Soccer","https://geometrylite.io/head-soccer","https://1games.io/game/head-soccer/","https://geometrylite.io/cache/data/image/game/head-soccer-m300x180.webp","10","content/head-soccer.md","Head Soccer - Epic 1v1 Power Shot Soccer Battles","Play Head Soccer online! Choose your character, unleash powerful shots, and challenge friends in fast-paced 1v1 or 2-player matches. Score goals and win now!","Sports,Casual","2 Player,Multiplayer,Fast-Paced"
"Friday Night Funkin vs Whitty","https://geometrylite.io/friday-night-funkin-vs-whitty","https://yandex.com/games/app/176204?utm_source=distrib&is-united-page=1&skip-guard=1&header=no&utm_medium=geometrylite.io&clid=10575041&flags=%7B%22adv_sticky_banner_disabled%22%3Atrue%7D","https://geometrylite.io/cache/data/image/game/friday-night-funkin-vs-whitty-m300x180.webp","10","content/friday-night-funkin-vs-whitty.md","FNF vs Whitty - Face the Legendary Ballistic Challenge","Take on the legendary FNF vs Whitty mod! Challenge the bomb-headed rockstar in a high-speed rhythm battle featuring the infamous song 'Ballistic'. Play now!","Rhythm,Casual","Music,Skill,Fan-Made"
"Agar.io","https://geometrylite.io/agar-io","https://agargame.io/agar-io.embed","https://geometrylite.io/cache/data/image/game/agar-io-m300x180.webp","10","content/agar-io.md","Agar.io - The Ultimate Eat-or-be-Eaten Arena Game","Devour smaller cells and dominate the leaderboard in Agar.io! Use split and eject tactics to outsmart foes in this addictive multiplayer game. Play now for free!","IO,Arcade","Multiplayer,Arena,Avoid"
"Geometry Dash Firework","https://geometrylite.io/geometry-dash-firework","https://turbowarp.org/604586049/embed","https://geometrylite.io/cache/data/image/game/geometry-dash-firework-m300x180.webp","10","content/geometry-dash-firework.md","Geometry Dash Firework - Conquer the Legendary Extreme Demon","Test your limits with Geometry Dash Firework, the iconic Extreme Demon level. Experience blinding speed, perfect music sync, and brutal difficulty. Play now!","Geometry,Rhythm,Platform","Jumping,Fast-Paced,Skill,One Button,Obstacle,Music,Extreme Demon,Demonlist,User Levels"
"Drive Mad 2","https://geometrylite.io/drive-mad-2","https://yandex.com/games/app/254924?utm_source=distrib&is-united-page=1&skip-guard=1&header=no&utm_medium=geometrylite.io&clid=10575041&flags=%7B%22adv_sticky_banner_disabled%22%3Atrue%7D","https://geometrylite.io/cache/data/image/game/drive-mad-2-m300x180.webp","6","content/drive-mad-2.md","Drive Mad 2 - Conquer Insane Physics-Based Tracks","Master wild physics and impossible tracks in Drive Mad 2! Balance your vehicle, navigate crazy obstacles, and reach the finish line. Play now for a fun challenge!","Driving,Puzzle","Car,Physics,Skill,Obstacle"
"Geometry Dash Dark Drop","https://geometrylite.io/geometry-dash-dark-drop","https://turbowarp.org/302115583/embed","https://geometrylite.io/cache/data/image/game/geometry-dash-dark-drop-m300x180.webp","10","content/geometry-dash-dark-drop.md","Geometry Dash Dark Drop - Conquer the 7-Star Gauntlet","Master the rhythm in Geometry Dash Dark Drop! Learn how to beat this 7-star level, find all 3 coins, and conquer the legendary Monster Gauntlet. Play now!","Geometry,Rhythm,Platform","Jumping,Fast-Paced,Skill,One Button,Obstacle,Music,3 Coins,Harder,Monster Gauntlet"
"Solar Smash","https://geometrylite.io/solar-smash","https://yandex.com/games/app/283863?utm_source=distrib&is-united-page=1&skip-guard=1&header=no&utm_medium=geometrylite.io&clid=10575041&flags=%7B%22adv_sticky_banner_disabled%22%3Atrue%7D","https://geometrylite.io/cache/data/image/game/solar-smash-m300x180.webp","10","content/solar-smash.md","Solar Smash - The Ultimate Planet Destruction Simulator","Wield asteroids, lasers, and monsters to obliterate worlds in Solar Smash. Discover secret planets and unleash cosmic chaos. Download and start smashing today!","Simulation,Casual","Destruction,Space,Creative"
"Coreball","https://geometrylite.io/coreball","https://1games.io/game/coreball-game/","https://geometrylite.io/cache/data/image/game/coreball-m300x180.webp","10","content/coreball.md","Coreball - The Ultimate Game of Timing and Precision","Test your reflexes in Coreball! Pin all the balls to the spinning core without colliding. It's simple to learn, yet addictively challenging. Play now for free!","Arcade,Casual","Skill,One Button,Ball"
"Slitherio: Eat them all","https://geometrylite.io/slitherio-eat-them-all","https://yandex.com/games/app/327454?utm_source=distrib&is-united-page=1&skip-guard=1&header=no&utm_medium=geometrylite.io&clid=10575041&flags=%7B%22adv_sticky_banner_disabled%22%3Atrue%7D","https://geometrylite.io/cache/data/image/game/slitherio-eat-them-all-m300x180.webp","10","content/slitherio-eat-them-all.md","Slitherio: Eat them all - Grow the Biggest Snake Online","Slither, eat, and survive in Slitherio: Eat them all! Outsmart real players, grow to an immense size, and dominate the online arena. Play now for free!","IO,Arcade","Multiplayer,Arena,Avoid,Collect"
"Geometry Dash Silent Circles","https://geometrylite.io/geometry-dash-silent-circles","https://scratch.mit.edu/projects/266720586/embed","https://geometrylite.io/cache/data/image/game/geometry-dash-silent-circles-m300x180.webp","10","content/geometry-dash-silent-circles.md","Geometry Dash Silent Circles - Conquer the Legendary Demon","Face the ultimate Geometry Dash challenge! Silent Circles is a top-tier Extreme Demon level with brutal wave gameplay. Do you have the skill to survive? Play now!","Geometry,Rhythm,Platform","Jumping,Fast-Paced,Skill,One Button,Obstacle,Music,Extreme Demon,Demonlist,User Levels,Wave"
"Moto X3M","https://geometrylite.io/moto-x3m","https://html5.gamedistribution.com/5b0abd4c0faa4f5eb190a9a16d5a1b4c/?gd_sdk_referrer_url=https://geometrylite.io/moto-x3m","https://geometrylite.io/cache/data/image/moto-x3m-bike-race-game-3-m300x180.webp","10","content/moto-x3m.md","Moto X3M - Master Insane Stunts & Epic Bike Races","Rev your engine in Moto X3M! Race through explosive levels, perform gravity-defying flips, and master insane stunts. Play now for the ultimate bike racing thrill!","Driving,Sports","Racing,Skill,Physics,Obstacle"
"Friday Night Dashing","https://geometrylite.io/friday-night-dashing","https://yandex.com/games/app/223651?utm_source=distrib&is-united-page=1&skip-guard=1&header=no&utm_medium=geometrylite.io&clid=10575041&flags=%7B%22adv_sticky_banner_disabled%22%3Atrue%7D","https://geometrylite.io/cache/data/image/game/friday-night-dashing-m300x180.webp","10","content/friday-night-dashing.md","Friday Night Dashing - Conquer the Beat in a GD World","Experience the ultimate rhythm crossover in Friday Night Dashing! Battle Geometry Dash icons with FNF's funky beats. Can you keep up? Play free online now!","Rhythm,Platform","Music,Skill,Jumping,Fast-Paced,Fan-Made"
"Basket Random","https://geometrylite.io/basket-random","https://basketrandom.io/embed/basket-random","https://geometrylite.io/cache/data/image/basket-random-3-m300x180.webp","10","content/basket-random.md","Basket Random - Play The Wacky 1-Button Basketball Game","Jump into the hilarious chaos of Basket Random! Challenge friends in 2-player mode with unpredictable physics and random levels. Play for free in your browser now!","Sports,Casual","2 Player,Multiplayer,Physics,Ragdoll,One Button"
"Jump Up","https://geometrylite.io/jump-up","https://1games.io/game/jump-up/","https://geometrylite.io/cache/data/image/game/jump-up-1-m300x180.webp","10","content/jump-up.md","Jump Up - Conquer the Ultimate Vertical Platformer Challenge","Leap, climb, and shape-shift your way up a treacherous tower in Jump Up! Test your precision parkour skills in this tough-as-nails platformer. Play now!","Platform,Arcade","Jumping,Skill,Hard"
"Drift Hunters","https://geometrylite.io/drift-hunters","https://1games.io/game/drift-hunters/","https://geometrylite.io/cache/data/image/game/drift-hunters-m300x180.webp","10","content/drift-hunters.md","Drift Hunters - Free 3D Drifting & Car Tuning Game","Master the art of drifting in Drift Hunters! Drive 25+ iconic cars, customize performance, and burn rubber on epic tracks. Play for free in your browser now!","Driving,Simulation","Car,Racing,3D,Skill"
"LOLBeans.io","https://geometrylite.io/lolbeans-io","https://lolbeans.io/","https://geometrylite.io/cache/data/image/game/lolbeans-io-m300x180.webp","10","content/lolbeans-io.md","LOLBeans.io - Free Online Battle Royale Platformer Fun","Jump into LOLBeans.io! Race through chaotic obstacle courses, customize your bean, and outlast your rivals in this free-to-play battle royale. Play now!","IO,Platform","Multiplayer,Arena,Obstacle,Avoid"
"Geometry Dash The Nightmare","https://geometrylite.io/geometry-dash-the-nightmare","https://2games.io/game/geometry-dash-the-nightmare-v2/","https://geometrylite.io/cache/data/image/game/geometry-dash-the-nightmare-m300x180.webp","8.3","content/geometry-dash-the-nightmare.md","Geometry Dash The Nightmare - Conquer Your First Demon","Face the legendary Easy Demon, The Nightmare, in Geometry Dash! Master iconic ship sections and memorization challenges. Can you beat it? Play now!","Geometry,Rhythm,Platform","Jumping,Fast-Paced,Skill,One Button,Obstacle,Music,Easy Demon,User Levels,Classic"
"Geometry Game 3D","https://geometrylite.io/geometry-game-3d","https://2games.io/game/geometry-dash-3d/","https://geometrylite.io/cache/data/image/game/geometry-game-3d-m300x180.webp","10","content/geometry-game-3d.md","Geometry Game 3D - Conquer Rhythmic 3D Platforming","Leap, dodge, and fly through a stunning 3D universe in Geometry Game 3D. Test your reflexes against impossible rhythm-based levels. Play now for free!","Geometry,Rhythm,Platform","Jumping,Fast-Paced,Skill,Obstacle,Music,3D"
"Sledge Rider","https://geometrylite.io/sledge-rider","https://1games.io/game/sledge-rider/","https://geometrylite.io/cache/data/image/game/sledge-rider-m300x180.webp","10","content/sledge-rider.md","Sledge Rider - Master the Endless Winter Slopes","Dodge trees and rocks in Sledge Rider, the fast-paced 3D sledding game. Test your reflexes on an endless slope and chase the high score. Play now for free!","Driving,Arcade","Fast-Paced,Avoid,Endless Runner,3D"
"Geometry Dash Ground Zero","https://geometrylite.io/geometry-dash-ground-zero","https://scratch.mit.edu/projects/292667633/embed","https://geometrylite.io/cache/data/image/game/geometry-dash-ground-zero-m300x180.webp","10","content/geometry-dash-ground-zero.md","Geometry Dash Ground Zero - Conquer the 5-Star Shake","Survive the fallout in Geometry Dash Ground Zero, a 5-star level in the Poison Gauntlet. Master rhythmic jumps and chaotic shakes to win. Play now!","Geometry,Rhythm,Platform","Jumping,Fast-Paced,Skill,One Button,Obstacle,Music,3 Coins,Normal,Poison Gauntlet"
"Subway Surfs","https://geometrylite.io/subway-surfs","https://subwaysurfs.io/game/subway-surfs/","https://geometrylite.io/cache/data/image/game/subway-surfs-m300x180.webp","10","content/subway-surfs.md","Subway Surfs - Dash & Dodge in this Endless Runner Game","Jump into Subway Surfs! Dodge trains, escape the inspector, and collect coins in this fast-paced endless runner. Play instantly in your browser for free!","Platform,Arcade","Running,Endless Runner,Fast-Paced,Avoid,Collect,Classic,3D"
"Ball Surfer 3D","https://geometrylite.io/ball-surfer-3d","https://html5.gamedistribution.com/82985d8e4bcb46db93afe2e06312b1fd/?gd_sdk_referrer_url=https://geometrylite.io/ball-surfer-3d","https://geometrylite.io/cache/data/image/ball-surfer-3d-2-m300x180.webp","10","content/ball-surfer-3d.md","Ball Surfer 3D - Master the Endless Neon Track","Test your reflexes in Ball Surfer 3D! Surf down a high-speed neon track, dodge tricky obstacles, and collect gems to unlock cool new ball skins. Play now!","Arcade,Platform","Fast-Paced,Avoid,Endless Runner,Neon,3D,Ball,Collect"
"Drift Road","https://geometrylite.io/drift-road","https://1games.io/game/drift-road/","https://geometrylite.io/cache/data/image/game/drift-road-1-m300x180.webp","5","content/drift-road.md","Drift Road - Master the Addictive One-Tap Drift Game","Stay on the treacherous Drift Road! Master one-tap controls, collect gems, and unlock cool cars in this addictive, high-score arcade racer. Play now for free!","Driving,Arcade","Car,One Button,Skill,Collect"
"Doodle Jump","https://geometrylite.io/doodle-jump","https://1games.io/game/doodle-jump/","https://geometrylite.io/cache/data/image/game/doodle-jump-m300x180.webp","5","content/doodle-jump.md","Doodle Jump - Jump, Shoot & Climb to a New High Score!","Experience the legendary vertical platformer! Guide the Doodler, dodge monsters, and use jetpacks to reach the top. Play Doodle Jump now for endless fun!","Platform,Arcade","Jumping,Avoid,Endless Runner,Classic"
"Cuby Road","https://geometrylite.io/cuby-road","https://2games.io/game/cuby-road/","https://geometrylite.io/cache/data/image/game/cuby-road-2-m300x180.webp","10","content/cuby-road.md","Cuby Road - Endless Arcade Hopper & Character Collector","Hop, dodge, and survive in Cuby Road, the addictive endless runner! Cross busy roads, leap over rivers, and collect coins to unlock 50+ cool characters. Play now!","Platform,Arcade","Avoid,Endless Runner,Collect,Cube"
"Geometry Dash Quantum Processing","https://geometrylite.io/geometry-dash-quantum-processing","https://scratch.mit.edu/projects/273768724/embed","https://geometrylite.io/cache/data/image/game/geometry-dash-quantum-processing-m300x180.webp","5.7","content/geometry-dash-quantum-processing.md","Geometry Dash Quantum Processing - Conquer an Extreme Demon","Ready for the ultimate challenge? Take on Geometry Dash Quantum Processing, Riot's legendary Extreme Demon remake. Master tight waves and fast timings. Play now!","Geometry,Rhythm,Platform","Jumping,Fast-Paced,Skill,One Button,Obstacle,Music,Extreme Demon,User Levels,Wave"
"Stacky Dash 2","https://geometrylite.io/stacky-dash-2","https://lagged.com/games/play2/donut-stack-18571/","https://geometrylite.io/cache/data/image/stacky-dash-2-1-m300x180.webp","10","content/stacky-dash-2.md","Stacky Dash 2 - Swipe, Stack, and Dash to Victory!","Swipe through vibrant mazes in Stacky Dash 2! Collect tiles, build bridges, and solve fun puzzles. Play now for an addictively satisfying arcade experience!","Puzzle,Casual","Maze,Collect,Skill"
"Super Oliver World","https://geometrylite.io/super-oliver-world","https://html5.gamemonetize.co/g722eyt5ebilqq596yxmb9qlcykkgdeb/","https://geometrylite.io/cache/data/image/super-oliver-world-5-m300x180.webp","10","content/super-oliver-world.md","Super Oliver World - Play a Classic Platformer Adventure","Run, jump, and stomp in Super Oliver World! Explore vibrant worlds, find secret power-ups, and defeat enemies in this nostalgic platformer. Play for free now!","Platform,Arcade","Jumping,Side Scrolling,Collect,Classic"
"Only Up Balls","https://geometrylite.io/only-up-balls","https://html5.gamedistribution.com/bfa2f00b9c2d4e35b0d150a4b112f68e/?gd_sdk_referrer_url=https://geometrylite.io/only-up-balls","https://geometrylite.io/cache/data/image/only-up-balls-3-m300x180.webp","10","content/only-up-balls.md","Only Up Balls - Master the Climb in this 3D Platformer","Ready for a challenge? Control your ball, climb a surreal world, and race a friend in Only Up Balls. Play this free 3D platformer in your browser now!","Platform,Arcade","3D,Skill,Ball,2 Player"
"Ramp Car Jumping","https://geometrylite.io/ramp-car-jumping","https://html5.gamedistribution.com/8b06ffb4041c49a39896fad34a0fc07a/?gd_sdk_referrer_url=https://geometrylite.io/ramp-car-jumping","https://geometrylite.io/cache/data/image/ramp-car-jumping-2-m300x180.webp","10","content/ramp-car-jumping.md","Ramp Car Jumping - Launch, Crash & Upgrade for Max Distance!","Send your car flying in Ramp Car Jumping! Upgrade your engine and boost to achieve record distances and cause epic destruction. Play now for satisfying stunt action!","Driving,Casual","Car,Physics,Destruction,Upgrade"
"Vex 3","https://geometrylite.io/vex-3","https://html5.gamedistribution.com/762c932b4db74c6da0c1d101b2da8be6/?gd_sdk_referrer_url=https://geometrylite.io/vex-3","https://geometrylite.io/cache/data/image/game/vex-3-m300x180.webp","8.9","content/vex-3.md","Vex 3 - Conquer the Ultimate Stickman Obstacle Course","Jump into Vex 3, the thrilling stickman platformer! Master precision controls to survive deadly traps and brutal levels. Play now and test your reflexes!","Platform,Arcade","Jumping,Skill,Obstacle,Hard,Side Scrolling"
"Snow Road","https://geometrylite.io/snow-road","https://1games.io/game/snow-road/","https://geometrylite.io/cache/data/image/game/snow-road-512x384-copy-m300x180.webp","10","content/snow-road.md","Snow Road - Master the Endless Downhill Sled Race","Carve down a treacherous mountain in Snow Road! Dodge trees, jump over rocks, and unlock new sleds. Play now for a thrilling, endless downhill challenge!","Driving,Arcade","Fast-Paced,Avoid,Endless Runner,3D"
"Traffic Road","https://geometrylite.io/traffic-road","https://1games.io/game/traffic-road/","https://geometrylite.io/cache/data/image/game/traffic-road-m300x180.webp","9.3","content/traffic-road.md","Traffic Road - Dodge Traffic & Master the Highway","Weave through busy traffic in Traffic Road! Upgrade powerful motorcycles, master high-speed overtakes, and set new records. Play now for the ultimate thrill!","Driving,Arcade","Fast-Paced,Avoid,Racing,Endless Runner"
"Soccer Random","https://geometrylite.io/soccer-random","https://html5.gamedistribution.com/308d826f20034d7b972f25258c8d0a44/?gd_sdk_referrer_url=https://geometrylite.io/soccer-random","https://geometrylite.io/cache/data/image/soccer-random-4-m300x180.webp","10","content/soccer-random.md","Soccer Random - Hilarious 2-Player Physics Madness","Experience the wackiest soccer game ever! Soccer Random features chaotic physics, random levels, and 2-player fun. Score goals and laugh out loud. Play now!","Sports,Casual","2 Player,Multiplayer,Physics,Ragdoll"
